"Player","WS/48","Composite.Rating","Age","Is.Big","Is.Guard"
"RJ Barrett",-0.015,1.11713218608369,1,0,1
"Marvin Bagley III",0.11,1.11713218608369,1,1,0
"Harry Giles",0.056,1.07996039649683,2,1,0
"Ben Simmons",0.162,1.11713218608369,3,0,1
"Jahlil Okafor",0.037,1.11713218608369,2,1,0
"Andrew Wiggins",0.034,1.11713218608369,1,0,0
"Nerlens Noel",0.083,1.11713218608369,2,1,0
"Anthony Davis",0.159,1.11713218608369,1,1,0
"Harrison Barnes",0.065,1.11713218608369,2,0,0
"Derrick Favors",0.091,1.11713218608369,1,1,0
"Brandon Jennings",0.075,1.11713218608369,2,0,1
"OJ Mayo",0.052,1.11713218608369,3,0,1
"Greg Oden",0.167,1.11713218608369,3,1,0
"Josh McRoberts",0.073,1.11713218608369,3,1,0
"Dwight Howard",0.131,1.11713218608369,1,1,0
"LeBron James",0.078,1.11713218608369,1,0,1
"Amare Stoudemire",0.116,1.11713218608369,2,1,0
"Eddie Griffin",0.061,1.07996039649683,1,1,0
"Eddy Curry",0.075,1.11713218608369,1,1,0
"Zion Williamson",0.134,1.00561681732312,1,1,0
"Michael Porter Jr",0.147,1.07996039649683,3,1,0
"Josh Jackson",-0.018,1.11713218608369,2,0,0
"Skal Labissiere",0.099,1.07996039649683,2,1,0
"Myles Turner",0.109,0.931273238149411,1,1,0
"Jabari Parker",0.088,1.04278860690998,1,1,0
"Shabazz Muhammad",0.053,1.11713218608369,3,0,1
"Austin Rivers",-0.038,1.07996039649683,2,0,1
"Kyrie Irving",0.125,1.07996039649683,1,0,1
"John Wall",0.041,1.07996039649683,2,0,1
"Michael Beasley",0.081,1.00561681732312,2,1,0
"Kevin Durant",0.04,1.07996039649683,1,0,1
"Gerald Green",0.064,0.55955534228085,2,0,1
"Luol Deng",0.086,1.07996039649683,1,0,0
"Shaun Livingston",0.008,1.07996039649683,1,0,1
"Carmelo Anthony",0.098,1.07996039649683,1,0,0
"Kwame Brown",0.048,0.931273238149411,1,1,0
"Zach Randolph",0.098,1.11713218608369,2,1,0
"Samardo Samuels",0.002,1.00561681732312,4,1,0
"Cam Reddish",-0.011,1.07996039649683,2,0,0
"Deandre Ayton",0.128,1.04278860690998,2,1,0
"Jayson Tatum",0.139,1.04278860690998,1,0,0
"Brandon Ingram",-0.007,1.00561681732312,1,0,0
"Julius Randle",0.035,1.07996039649683,3,1,0
"Michael KiddGilchrist",0.051,1.04278860690998,1,0,0
"Enes Kanter",0.095,0.894101448562555,1,1,0
"DeMarcus Cousins",0.022,1.04278860690998,2,1,0
"Byron Mullens",0.007,0.856929658975699,4,1,0
"Kevin Love",0.124,1.07996039649683,2,1,0
"Brandan Wright",0.142,1.04278860690998,2,1,0
"Monta Ellis",0.028,1.07996039649683,2,0,1
"Raymond Felton",0.051,1.04278860690998,3,0,1
"Al Jefferson",0.123,1.04278860690998,2,1,0
"Dajuan Wagner",0.011,1.04278860690998,1,0,1
"Gerald Wallace",0.071,1.00561681732312,1,0,0
"Mo Bamba",0.106,1.00561681732312,2,1,0
"Lonzo Ball",0.053,1.04278860690998,2,0,1
"Jaylen Brown",0.053,1.04278860690998,2,0,0
"Tyus Jones",0.027,0.894101448562555,1,0,1
"Aaron Gordon",0.06,1.00561681732312,1,1,0
"Bradley Beal",0.082,1.00561681732312,1,0,1
"Jared Sullinger",0.146,1.07996039649683,2,1,0
"John Henson",0.109,0.968445027736267,4,1,0
"Jrue Holiday",0.032,1.07996039649683,1,0,1
"Eric Gordon",0.082,1.04278860690998,2,0,1
"Spencer Hawes",0.033,1.00561681732312,1,1,0
"Paul Davis",0.066,0.894101448562555,4,1,0
"Rudy Gay",0.011,0.968445027736267,2,0,0
"Martell Webster",0.039,1.04278860690998,1,0,0
"DeSagana Diop",-0.124,0.856929658975699,2,1,0
"Darius Miles",0.068,1.04278860690998,1,0,0
"Romeo Langford",0.037,0.968445027736267,2,0,1
"Wendell Carter Jr",0.08,0.894101448562555,1,1,0
"Bam Adebayo",0.148,0.856929658975699,2,1,0
"Henry Ellenson",-0.071,0.819757869388842,2,1,0
"Andrew Harrison",0.051,0.968445027736267,4,0,1
"Emmanuel Mudiay",-0.049,1.07996039649683,1,0,1
"Kyle Anderson",0.044,1.04278860690998,3,0,0
"Josh Selby",-0.105,0.931273238149411,2,0,1
"Avery Bradley",-0.139,1.00561681732312,2,0,1
"Ty Lawson",0.135,0.968445027736267,4,0,1
"Tyreke Evans",0.097,1.04278860690998,2,0,1
"Derrick Rose",0.078,0.968445027736267,2,0,1
"Shannon Brown",0.015,1.04278860690998,3,0,1
"Lou Williams",-0.036,0.968445027736267,1,0,1
"Josh Smith",0.055,1.00561681732312,1,0,0
"James Michael McAdoo",0.177,0.931273238149411,4,1,0
"Nassir Little",0.048,1.04278860690998,1,1,0
"DeAaron Fox",-0.014,0.931273238149411,2,0,1
"Trey Lyles",0.079,0.708242500628275,2,1,0
"Joel Embiid",0.117,0.55955534228085,4,1,0
"Steven Adams",0.114,0.968445027736267,2,1,0
"Quincy Miller",0.002,0.968445027736267,3,1,0
"Brandon Knight",0.029,1.00561681732312,2,0,1
"Kyle Singler",0.048,0.931273238149411,6,0,0
"Xavier Henry",0.021,0.931273238149411,1,0,1
"DeMar DeRozan",0.066,0.968445027736267,2,0,1
"Thaddeus Young",0.14,0.931273238149411,1,1,0
"Andray Blatche",0.026,0.485211763107139,1,1,0
"Robert Swift",0.052,0.856929658975699,2,1,0
"Chris Bosh",0.119,0.968445027736267,1,1,0
"Kendrick Perkins",0.065,0.968445027736267,2,1,0
"Tyson Chandler",0.062,1.00561681732312,1,1,0
"DeShawn Stevenson",-0.071,0.931273238149411,1,0,1
"Keldon Johnson",0.131,0.708242500628275,2,0,0
"Collin Sexton",-0.011,0.931273238149411,2,0,1
"Markelle Fultz",0.043,0.968445027736267,1,0,1
"Cheick Diallo",0.111,0.931273238149411,2,1,0
"Dakari Johnson",0.178,0.819757869388842,4,1,0
"Stanley Johnson",0.018,1.04278860690998,1,0,0
"Anthony Bennett",-0.028,0.931273238149411,2,1,0
"Marquis Teague",-0.031,0.894101448562555,1,0,1
"Tobias Harris",0.087,0.968445027736267,1,0,0
"Tyler Hansbrough",0.07,1.00561681732312,6,1,0
"Wayne Ellington",0.014,0.856929658975699,4,0,1
"Charlie Villanueva",0.079,0.485211763107139,3,1,0
"Marvin Williams",0.069,0.894101448562555,1,1,0
"Rashad McCants",0.058,1.00561681732312,3,0,1
"Chris Duhon",0.09,0.931273238149411,4,0,1
"Gary Trent Jr",-0.092,0.633898921454562,2,0,1
"Miles Bridges",0.083,0.782586079801986,2,0,0
"Ivan Rabb",0.109,0.968445027736267,2,1,0
"Justin Jackson",0.031,0.819757869388842,4,0,0
"James Young",0.047,0.819757869388842,1,0,1
"Terrence Jones",0.128,0.745414290215131,3,1,0
"Greg Monroe",0.143,0.931273238149411,2,1,0
"Lance Stephenson",-0.093,0.856929658975699,2,0,1
"Chase Budinger",0.1,0.894101448562555,3,0,0
"Donte Greene",-0.074,0.856929658975699,2,0,0
"Julian Wright",0.126,0.931273238149411,2,0,0
"Leon Powe",0.116,0.819757869388842,5,1,0
"Shelden Williams",0.07,0.856929658975699,5,1,0
"Randolph Morris",-0.061,0.782586079801986,4,1,0
"Anfernee Simons",0.02,0.894101448562555,1,0,1
"Jaren Jackson",0.119,0.819757869388842,13,0,1
"Caleb Swanigan",-0.003,0.55955534228085,2,1,0
"Malik Monk",0,0.819757869388842,1,0,1
"KarlAnthony Towns",0.151,0.968445027736267,2,1,0
"Perry Jones",-0.003,0.856929658975699,3,0,0
"Devin Ebanks",0.144,0.0391502880648658,3,0,1
"Darrell Arthur",0.055,0.745414290215131,2,1,0
"Jerryd Bayless",0.019,0.894101448562555,2,0,1
"Andrew Bynum",0.007,0.782586079801986,0,1,0
"Chris Paul",0.178,0.931273238149411,2,0,1
"Sebastian Telfair",-0.013,0.931273238149411,1,0,1
"Caron Butler",0.086,-0.592770134911686,4,0,0
"Aaron Harrison",-0.014,0.931273238149411,5,0,1
"Kevin Knox",-0.03,0.782586079801986,1,1,0
"Frank Jackson",0.018,0.633898921454562,2,0,1
"Marcus Smart",0.077,0.819757869388842,2,0,1
"Tristan Thompson",0.038,0.819757869388842,2,1,0
"Ed Davis",0.119,0.819757869388842,3,1,0
"Nick Calathes",0.062,0.745414290215131,6,0,1
"Malik Hairston",0.045,0.819757869388842,3,0,1
"CJ Miles",0.076,0.708242500628275,0,0,1
"Sean May",0.047,0.819757869388842,3,1,0
"TJ Ford",0.022,0.522383552693995,2,0,1
"Jared Jeffries",0.049,0.819757869388842,3,0,0
"Mustafa Shakur",-0.112,0.225009235999146,8,0,1
"Theo Pinson",0.004,0.596727131867706,5,0,1
"Mitchell Robinson",0.217,0.856929658975699,2,1,0
"Terrance Ferguson",0.077,0.708242500628275,1,0,1
"Jarell Martin",0.1,0.708242500628275,3,1,0
"Gary Harris",-0.046,0.55955534228085,2,0,1
"Brook Lopez",0.112,0.819757869388842,2,1,0
"DeAndre Jordan",0.079,0.671070711041419,2,1,0
"David Lee",0.116,0.782586079801986,4,0,0
"JR Smith",0.006,0.299352815172858,1,0,1
"Omar Cook",-0.068,0.745414290215131,4,0,1
"Khem Birch",0.15,0.745414290215131,7,1,0
"PJ Washington",0.054,0.633898921454562,3,1,0
"Jonathan Isaac",0.021,0.894101448562555,2,1,0
"Stephen Zimmerman",-0.005,0.782586079801986,2,1,0
"Kevon Looney",0.155,0.745414290215131,2,1,0
"PJ Hairston",0.022,0.745414290215131,4,0,1
"Ryan Kelly",0.081,0.633898921454562,4,1,0
"Will Barton",-0.028,0.782586079801986,4,0,1
"Kemba Walker",0.009,0.596727131867706,3,0,1
"Patrick Patterson",0.134,0.782586079801986,3,1,0
"James White",0.108,0.336524604759714,6,0,1
"LaMarcus Aldridge",0.118,0.708242500628275,3,1,0
"Naz Reid",0.074,0.485211763107139,2,1,0
"Shavlik Randolph",0.105,0.633898921454562,4,1,0
"Darius Bazley",0.024,0.522383552693995,1,1,0
"Lonnie Walker",0.019,0.522383552693995,2,0,1
"TJ Leaf",0.082,0.55955534228085,2,1,0
"DAngelo Russell",0.001,0.55955534228085,1,0,1
"Noah Vonleh",0.085,0.856929658975699,1,1,0
"Cody Zeller",0.09,0.782586079801986,3,1,0
"AlFarouq Aminu",0.022,0.894101448562555,2,0,0
"JJ Hickson",0.101,0.819757869388842,2,1,0
"Daequan Cook",-0.013,0.671070711041419,2,0,1
"JJ Redick",0.134,0.745414290215131,4,0,1
"Amir Johnson",0.183,0.633898921454562,1,1,0
"Linas Kleiza",0.111,0.633898921454562,3,1,0
"Alex Poythress",0.099,0.856929658975699,5,1,0
"Isaiah Briscoe",0.023,0.745414290215131,4,0,1
"Jawad Williams",0.069,0.745414290215131,8,0,1
"Dwayne Bacon",-0.007,0.55955534228085,4,0,1
"Isaiah Whitehead",-0.023,0.633898921454562,3,0,1
"Cory Joseph",0.001,0.671070711041419,2,0,1
"Jordan Hamilton",0.055,0.336524604759714,3,0,0
"DJ White",0.157,0.671070711041419,4,1,0
"Kosta Koufos",0.112,0.708242500628275,1,1,0
"Javaris Crittenton",0.004,0.708242500628275,2,0,1
"Brandon Bass",0.013,0.708242500628275,2,1,0
"Wayne Selden",0.016,0.671070711041419,4,0,1
"Wenyen Gabriel",0.042,0.671070711041419,4,1,0
"Jarrett Allen",0.141,0.596727131867706,1,1,0
"Justise Winslow",0.054,0.671070711041419,1,0,0
"Archie Goodwin",0.018,0.782586079801986,1,0,1
"Chris Singleton",0.052,0.633898921454562,4,0,0
"Gerald Henderson",0.056,0.782586079801986,4,0,1
"Brandon Rush",0.024,0.299352815172858,5,0,1
"Rajon Rondo",0.064,0.37369639434657,2,0,1
"Bracey Wright",0.054,0.708242500628275,3,0,1
"Von Wafer",-0.163,0.745414290215131,4,0,1
"David Harrison",0.09,0.671070711041419,4,1,0
"Andre Brown",-0.002,0.745414290215131,7,1,0
"Antonio Blakeney",-0.006,0.596727131867706,3,0,1
"Darius Garland",-0.035,0.596727131867706,2,0,1
"Jalen Brunson",0.077,0.448039973520282,4,0,1
"Bobby Portis",0.066,0.633898921454562,2,1,0
"Reggie Bullock",0.019,0.596727131867706,4,0,0
"Tony Wroten",0.017,0.485211763107139,1,0,1
"Elliot Williams",0.105,0.596727131867706,4,0,1
"Quincy Pondexter",0.06,0.150665656825434,4,0,0
"Blake Griffin",0.152,0.55955534228085,3,1,0
"Jon Brockman",0.125,0.522383552693995,4,1,0
"Glen Davis",0.128,0.745414290215131,4,1,0
"Mo Williams",0.011,0.55955534228085,3,0,1
"Alton Ford",0.083,0.633898921454562,2,1,0
"Tony Bradley",0.234,0.448039973520282,4,1,0
"Sam Dekker",0.104,0.448039973520282,4,1,0
"Adreian Payne",-0.033,0.150665656825434,5,1,0
"Vernon Macklin",0.161,0.55955534228085,7,1,0
"Daniel Orton",0.129,0.448039973520282,3,1,0
"Anthony Randolph",0.069,0.596727131867706,1,1,0
"Daniel Gibson",0.098,0.448039973520282,2,0,1
"Travis Outlaw",0.085,0.633898921454562,2,0,0
"Dorian FinneySmith",0.041,0.336524604759714,5,1,0
"Omari Spellman",0.07,0.522383552693995,3,1,0
"Devin Booker",0.043,0.299352815172858,1,0,1
"Glenn Robinson",0.122,0.299352815172858,8,0,0
"Mason Plumlee",0.176,0.485211763107139,5,1,0
"Iman Shumpert",0.068,0.336524604759714,3,0,1
"James Anderson",0.051,0.113493867238578,3,0,0
"Kris Humphries",-0.019,0.782586079801986,1,1,0
"Allonzo Trier",0.03,0.708242500628275,5,0,1
"Andre Barrett",0.041,0.596727131867706,4,0,1
"Isaiah Hicks",-0.003,0.633898921454562,5,1,0
"Lance Thomas",0.088,0.410868183933426,5,1,0
"Rakeem Christmas",0.099,0.37369639434657,7,1,0
"Rashad Vaughn",-0.036,0.782586079801986,1,0,1
"Meyers Leonard",0.097,0.0763220776517221,2,1,0
"Damion James",0.015,0.596727131867706,5,0,0
"Willie Warren",0.065,0.671070711041419,3,0,1
"DeJuan Blair",0.147,-0.18388044945627,2,1,0
"Mario Chalmers",0.095,0.856929658975699,4,0,1
"Corey Brewer",-0.005,0.225009235999146,3,0,0
"Hassan Adams",0.095,0.410868183933426,4,0,1
"Wayne Simien",0.096,0.410868183933426,4,1,0
"Trevor Ariza",0.073,0.448039973520282,1,0,0
"Danuel House",0.066,0.0763220776517221,6,0,1
"Thomas Bryant",0.178,0.225009235999146,3,1,0
"Tyler Ennis",-0.04,0.299352815172858,2,0,1
"Michael CarterWilliams",0.026,0.225009235999146,4,0,1
"Chris Wilcox",0.062,0.299352815172858,2,1,0
"Aaron Miles",-0.015,0.596727131867706,4,0,1
"Anthony Roberson",0.031,0.55955534228085,5,0,1
"JaMychal Green",0.119,0.522383552693995,6,1,0
"Kobi Simmons",-0.013,0.262181025586002,2,0,1
"Rodney Purvis",-0.056,0.522383552693995,5,0,1
"Nickeil AlexanderWalker",-0.015,-0.0723650806957022,3,0,1
"Grayson Allen",0.002,0.262181025586002,5,0,1
"Rondae HollisJefferson",0.094,0.55955534228085,3,0,0
"Nick Johnson",-0.02,0.336524604759714,4,0,1
"Ricky Ledo",-0.112,0.671070711041419,4,0,1
"Tyler Zeller",0.048,0.485211763107139,5,1,0
"Jonny Flynn",0.002,0.410868183933426,2,0,1
"JR Giddens",0.021,0.633898921454562,6,0,0
"Robin Lopez",0.083,0.448039973520282,2,1,0
"Rawle Alkins",-0.042,0.37369639434657,3,0,1
"Keita BatesDiop",0.032,0.0763220776517221,5,0,0
"Deyonta Davis",0.097,0.18783744641229,2,1,0
"Ray McCallum",0.02,0.336524604759714,4,0,1
"DaJuan Summers",0.002,0.18783744641229,4,0,0
"Antoine Wright",-0.062,0.485211763107139,3,0,1
"Cedric Bozeman",-0.077,0.448039973520282,5,0,1
"DeQuan Jones",0.007,0.37369639434657,4,0,0
"Jaylen Hoard",0.094,0.448039973520282,2,0,0
"Coby White",0.026,0.150665656825434,1,0,1
"Trae Young",0.062,0.410868183933426,2,0,1
"Jabari Bird",0.098,0.410868183933426,5,0,1
"Kris Dunn",0.004,0.410868183933426,4,0,1
"Malachi Richardson",0.028,0.0763220776517221,3,0,1
"Kentavious CaldwellPope",0.055,0.596727131867706,2,0,1
"James Harden",0.124,0.522383552693995,2,0,1
"Dee Brown",0.024,0.448039973520282,4,0,1
"Jamal Sampson",0.156,0.299352815172858,2,1,0
"Darius Washington",0.012,0.596727131867706,4,0,1
"Luke Kennard",0.085,0.37369639434657,3,0,1
"Thomas Robinson",-0.002,0.113493867238578,3,1,0
"Luke Babbitt",-0.143,0.448039973520282,3,0,0
"Danny Green",0.083,0.596727131867706,4,0,1
"Earl Clark",-0.033,0.262181025586002,4,1,0
"Cedric Simmons",0.025,-0.109536870282558,3,1,0
"Justin Reed",0.121,0.336524604759714,5,0,0
"Yogi Ferrell",0.072,0.225009235999146,5,0,1
"Tyler Ulis",0.029,0.485211763107139,3,0,1
"Derrick Caracter",0.057,0.522383552693995,4,1,0
"Solomon Alabi",0.083,0.262181025586002,5,1,0
"Jordan Farmar",0.038,0.410868183933426,2,0,1
"Shawne Williams",0.063,0.150665656825434,2,0,1
"Orien Greene",-0.013,0.225009235999146,5,0,1
"Chuck Hayes",0.212,-0.555598345324831,4,1,0
"Jabari Brown",0.033,0.55955534228085,4,0,1
"Bruce Brown",0.048,0.18783744641229,4,0,1
"Terrence Ross",0.034,-0.0723650806957022,3,0,1
"Nolan Smith",-0.029,0.485211763107139,5,0,1
"Andre Iguodala",0.118,0.150665656825434,3,0,1
"Josh Childress",0.093,0.485211763107139,3,0,1
"Maalik Wayns",-0.079,0.299352815172858,3,0,1
"Tony Parker",0.08,0.262181025586002,1,0,1
"Mitch McGary",0.127,0.18783744641229,4,1,0
"Dion Waiters",0.026,0.00197849847800993,3,0,1
"ETwaun Moore",0.031,0.299352815172858,4,0,1
"Trey Thompkins",0.004,0.262181025586002,3,1,0
"AJ Price",0.065,0.262181025586002,5,0,1
"Eric Williams",0.015,-0.18388044945627,8,0,0
"JaJuan Johnson",0.032,0.0391502880648658,4,1,0
"Malik Beasley",0.057,-0.221052239043126,2,0,1
"Lorenzo Brown",-0.068,0.18783744641229,5,0,1
"Doron Lamb",-0.032,0.18783744641229,3,0,1
"Mike Conley",0.038,0.37369639434657,2,0,1
"TJ Warren",0.085,0.150665656825434,3,0,0
"Kendall Marshall",-0.012,0.225009235999146,3,0,1
"DJ Augustin",0.128,0.0763220776517221,3,0,1
"Gabe Pruitt",0.047,-0.0723650806957022,4,0,1
"Kevin Jones",0.032,-0.592770134911686,5,1,0
"Nick Anderson",0.118,0.0391502880648658,13,0,0
"Tyler Herro",0.034,-0.146708659869414,2,0,1
"Daniel Hamilton",-0.024,0.522383552693995,5,0,1
"Rodney Hood",0.098,0.150665656825434,4,0,1
"Alan Anderson",0.037,0.0391502880648658,5,0,0
"Charles OBannon",0.1,-0.18388044945627,5,0,1
"DeMarcus Nelson",-0.071,0.485211763107139,5,0,1
"Derrick Walton",0.128,-0.481254766151118,4,0,1
"Jamil Wilson",0.096,-0.332567607803694,9,0,0
"Marcus Morris",-0.083,-1.15034697871453,4,1,0
"Marcus Williams",-0.004,0.0391502880648658,3,0,1
"Greg Stiemsma",0.17,-0.221052239043126,8,1,0
"JaKarr Sampson",0.025,-0.332567607803694,3,0,0
"Chandler Parsons",0.09,-0.295395818216838,5,0,0
"Amir Coffey",0.005,-0.332567607803694,4,0,1
"Deng Adel",-0.054,-0.109536870282558,3,0,0
"Jawun Evans",-0.011,0.150665656825434,3,0,1
"Daniel Ewing",0.017,0.0763220776517221,4,0,1
"Jackie Butler",0.078,0.0391502880648658,2,1,0
"Ben Gordon",0.084,-0.36973939739055,3,0,1
"Alonzo Gee",0.108,-0.778629082845967,4,0,1
"Henry Sims",0.115,-0.741457293259111,5,1,0
"Kelenna Azubuike",0.083,0.00197849847800993,5,0,1
"Marshall Plumlee",0.048,-1.11317518912767,6,1,0
"Shai GilgeousAlexander",0.074,0.0391502880648658,2,0,1
"Jeff Withey",0.128,0.150665656825434,5,1,0
"Sean Singletary",0.006,-0.555598345324831,5,0,1
"Brandon Roy",0.114,-0.518426555737975,4,0,1
"Zach Collins",0.03,0.113493867238578,2,1,0
"Jerami Grant",0.019,-0.36973939739055,2,0,0
"DeAndre Liggins",0,-0.109536870282558,5,0,0
"Eric Bledsoe",0.008,-0.778629082845967,3,0,1
"Aaron Brooks",0.112,-0.035193291108846,5,0,1
"Kyle Lowry",0.148,0.0763220776517221,2,0,1
"Randy Foye",0.058,-0.927316241193391,5,0,1
"Travis Diener",0.115,-0.332567607803694,5,0,1
"Quinn Cook",0.047,0.00197849847800993,5,0,1
"Tyler Dorsey",0.02,0.299352815172858,3,0,1
"Jordan Mickey",0.036,-0.258224028629982,4,1,0
"Jordan McRae",0.087,-0.332567607803694,6,0,1
"Peyton Siva",-0.032,0.150665656825434,5,0,1
"Darius Miller",0.034,-0.146708659869414,4,0,0
"Maurice Harkless",0.059,-0.258224028629982,1,0,0
"Cole Aldrich",0.066,0.336524604759714,4,1,0
"Ronnie Brewer",0.124,-0.295395818216838,3,0,1
"Malcolm Lee",0.024,0.410868183933426,3,0,1
"Hasheem Thabeet",0.109,-1.22469055788824,4,1,0
"Deonte Burton",0.027,-0.852972662019679,7,0,1
"Kevin Porter Jr",0.011,0.113493867238578,1,0,0
"Chimezie Metu",-0.099,-0.146708659869414,3,1,0
"Semi Ojeleye",0.048,-0.035193291108846,5,1,0
"Willie CauleyStein",0.13,-0.258224028629982,4,1,0
"John Jenkins",0.091,0.0763220776517221,3,0,1
"Miles Plumlee",0.098,-1.85661098086479,7,1,0
"Jarrett Jack",0.035,-0.555598345324831,4,0,1
"Sindarius Thornwell",0.041,-0.109536870282558,5,0,1
"Jordan Adams",0.073,-1.03883160995396,2,0,1
"Otto Porter",-0.006,-0.109536870282558,2,0,0
"Arron Afflalo",0.092,0.18783744641229,4,0,1
"Jordan McLaughlin",0.13,-0.36973939739055,5,0,1
"Manny Harris",0.002,-0.406911186977406,3,0,1
"Dwight Powell",0.122,-0.258224028629982,5,1,0
"Ty Jerome",-0.001,-0.555598345324831,4,0,1
"Donovan Mitchell",0.095,0.150665656825434,3,0,1
"Chris Taft",0.155,0.0763220776517221,2,1,0
"Mike Sweetney",0.138,-0.109536870282558,3,1,0
"James Robinson",-0.006,-1.18751876830138,10,0,1
"Jerome Dyson",0.026,-0.18388044945627,6,0,1
"James Johnson",0.054,-0.555598345324831,4,1,0
"Chris Richard",0.037,-0.444082976564262,5,1,0
"Bernard Robinson",0.037,-1.33620592664881,6,0,1
"Hollis Thompson",0.055,-1.67075203293051,4,0,0
"Xavier RathanMayes",-0.171,-0.444082976564262,5,0,1
"Johnny OBryant",-0.063,-0.295395818216838,3,1,0
"Klay Thompson",0.05,-1.0016598203671,3,0,1
"Jodie Meeks",0.06,-0.964488030780247,4,0,1
"Chris Chiozza",0.076,-0.667113714085399,6,0,1
"Gorgui Dieng",0.129,-1.41054950582252,6,1,0
"Jeff Teague",0.042,-0.890144451606535,3,0,1
"Jared Reiner",-0.013,-0.36973939739055,4,1,0
"Ryan Arcidiacono",0.04,-0.890144451606535,5,0,1
"Daniel Gafford",0.146,-0.18388044945627,3,1,0
"Terrence Williams",-0.007,-0.481254766151118,4,0,0
"Ben McLemore",0.016,-0.36973939739055,2,0,1
"Robert Whaley",0.004,-0.109536870282558,5,1,0
"Andrew White",-0.034,-0.778629082845967,6,0,0
"Chris Wright",0.163,0.00197849847800993,5,0,0
"Kevin Huerter",0.034,-0.815800872432823,2,0,1
"Dejounte Murray",0.004,-0.518426555737975,2,0,1
"Justin Anderson",0.083,-0.629941924498543,4,0,0
"Allan Ray",0.039,-0.295395818216838,4,0,1
"Robert Williams",0.201,-0.741457293259111,3,1,0
"Zach LaVine",-0.018,-0.667113714085399,1,0,1
"Alexander Johnson",0.083,-0.36973939739055,5,1,0
"Jordan Poole",-0.047,-2.5257031934282,2,0,1
"Norman Powell",0.105,-0.815800872432823,4,0,1
"Robbie Hummel",0.084,-1.11317518912767,6,0,0
"Chris DouglasRoberts",0.046,-0.36973939739055,4,0,1
"Cartier Martin",0.07,-0.852972662019679,6,0,0
"Josh Powell",0.079,-1.26186234747509,5,1,0
"Matt Thomas",0.133,-0.778629082845967,7,0,1
"Anthony Brown",-0.024,-0.852972662019679,5,0,0
"Jarvis Varnado",0.114,-1.70792382251737,7,1,0
"Wilson Chandler",0.038,-0.927316241193391,2,0,0
"James Thomas",0.094,-1.29903413706195,6,1,0
"Johnathan Williams",0.135,-0.406911186977406,5,1,0
"Troy Williams",0.032,-0.741457293259111,4,0,0
"Ike Diogu",0.123,-0.741457293259111,4,1,0
"Phil Pressey",0.005,-0.36973939739055,4,0,1
"Travis Wear",-0.02,-0.258224028629982,6,0,0
"Georges Niang",0.123,-1.48489308499623,7,1,0
"Marreese Speights",0.146,-1.07600339954081,3,1,0
"Al Horford",0.103,-0.592770134911686,3,1,0
"Deron Williams",0.059,-0.629941924498543,3,0,1
"Austin Daye",0.067,-0.109536870282558,3,0,0
"Sam Young",0.044,-1.0016598203671,6,0,0
"Francisco Garcia",0.06,-1.48489308499623,6,0,0
"Brandon Paul",0.045,-0.667113714085399,8,0,1
"Okaro White",0.066,-0.444082976564262,6,1,0
"Solomon Hill",0.08,-0.927316241193391,4,0,0
"Jaylen Nowell",0.051,-1.29903413706195,2,0,1
"Evan Turner",0.06,-0.778629082845967,4,0,1
"Patrick Beverley",0.148,-1.67075203293051,6,0,1
"Maurice Ager",-0.06,-0.852972662019679,4,0,1
"Chasson Randle",0.106,-1.18751876830138,5,0,1
"Will Bynum",-0.021,-0.815800872432823,5,0,1
"Marquese Chriss",0.05,-0.778629082845967,1,1,0
"Jason Maxiell",-0.054,-0.035193291108846,4,1,0
"Jeff Adrien",0.051,-0.815800872432823,6,1,0
"Kendrick Nunn",0.061,-0.964488030780247,6,0,1
"Shabazz Napier",0.024,-1.63358024334366,5,0,1
"Darnell Jackson",0.094,-1.37337771623566,5,1,0
"Steve Novak",0.091,-0.964488030780247,5,0,0
"Caleb Martin",0.081,-1.15034697871453,6,0,0
"PJ Tucker",0.074,-1.78226740169108,9,0,1
"Chris Quinn",0.07,-1.63358024334366,5,0,1
"Jake Layman",-0.054,-1.33620592664881,4,0,0
"Darren Collison",0.067,-2.48853140384134,4,0,1
"Gary Forbes",0.055,-0.295395818216838,7,0,0
"Joakim Noah",0.12,-1.52206487458309,4,1,0
"Eddie Basden",0.065,-1.96812634962536,4,0,0
"Jonah Bolden",0.106,-0.18388044945627,5,1,0
"Salim Stoudamire",0.046,-1.41054950582252,5,0,1
"Bryce DejeanJones",0.033,-1.89378277045165,5,0,1
"Marcus GeorgesHunt",0.049,-2.22832887673335,5,0,1
"Kawhi Leonard",0.171,-0.629941924498543,2,0,0
"Allen Crabbe",0.088,-1.48489308499623,4,0,1
"Luke Harangody",0.048,-1.9309545600385,5,1,0
"Christian Wood",0.097,-0.518426555737975,2,1,0
"DeAndre Hunter",0.001,-1.5964084537568,4,0,0
"Malcolm Brogdon",0.1,-2.33984424549392,6,0,1
"James Augustine",0.098,-1.74509561210422,5,1,0
"Brad Wanamaker",0.134,-2.15398529755964,11,0,1
"Jermareo Davidson",-0.012,-1.37337771623566,5,0,0
"Mamadou NDiaye",0.075,-1.81943919127794,9,1,0
"Taj Gibson",0.103,-0.555598345324831,6,1,0
"Tarik Black",0.124,-1.03883160995396,5,1,0
"Nik Stauskas",0.021,-1.74509561210422,3,0,1
"Norvel Pelle",0.08,-0.741457293259111,8,1,0
"Robert Hite",-0.055,-1.22469055788824,5,0,1
"Emeka Okafor",0.074,-2.5257031934282,4,1,0
"Jordan Bell",0.174,-1.55923666416994,5,1,0
"Luke Ridnour",0.051,-1.37337771623566,4,0,1
"Shake Milton",0.059,-2.15398529755964,4,0,1
"Jared Terrell",-0.14,-1.37337771623566,5,0,1
"AJ Hammons",-0.001,-1.63358024334366,6,1,0
"Damian Jones",0.173,-1.89378277045165,5,1,0
"Lawrence Roberts",0.144,-2.07964171838593,5,1,0
"Jarell Eddie",0.046,-2.15398529755964,6,0,0
"Mikal Bridges",0.058,-2.41418782466763,4,0,0
"Tyshawn Taylor",-0.077,-1.55923666416994,4,0,1
"Malcolm Delaney",0.005,-1.5964084537568,9,0,1
"Draymond Green",0.028,-2.37701603508078,4,0,0
"Toney Douglas",0.097,-2.56287498301506,5,0,1
"Dexter Pittman",0.101,-1.89378277045165,5,1,0
"Aaron Holiday",0.065,-1.07600339954081,4,0,1
"Jeremy Lamb",0.058,-1.74509561210422,2,0,0
"Montrezl Harrell",0.118,-2.00529813921222,4,1,0
"Jon Leuer",0.122,-2.11681350797278,4,1,0
"Anthony Morrow",0.096,-2.22832887673335,5,0,1
"CJ Watson",0.056,-2.04246992879907,5,0,1
"Cody Martin",0.052,-1.44772129540938,6,0,0
"Renaldo Balkman",0.125,-1.81943919127794,4,0,0
"Josh Hart",0.111,-2.33984424549392,4,0,1
"Derrick Williams",0.059,-2.56287498301506,2,1,0
"Terrel Harris",0.011,-1.29903413706195,6,0,1
"Myke Henry",0.017,-1.29903413706195,7,0,0
"Wesley Matthews",0.108,-1.11317518912767,5,0,1
"Denzel Valentine",0.031,-2.11681350797278,5,0,1
"Alex Caruso",0.041,-1.85661098086479,5,0,1
"Donald Sloan",-0.024,-2.1911570871465,6,0,1
"Bruno Fernando",0.055,-1.44772129540938,3,1,0
"Devonte Graham",0.035,-1.26186234747509,5,0,1
"Hamidou Diallo",0.069,-0.555598345324831,2,0,1
"Moritz Wagner",0.02,-2.45135961425449,3,1,0
"Sviatoslav Mykhailiuk",-0.012,-2.37701603508078,3,0,0
"Lauri Markkanen",0.079,-1.52206487458309,2,1,0
"Domantas Sabonis",0.022,-2.26550066632021,2,1,0
"Jamal Murray",0.037,-1.48489308499623,1,0,1
"Thon Maker",0.113,-0.221052239043126,1,1,0
"Tyrone Wallace",0.042,-2.33984424549392,5,0,1
"Terry Rozier",-0.047,-0.815800872432823,3,0,1
"Cory Jefferson",0.071,-2.26550066632021,6,1,0
"Semaj Christon",0.006,-0.667113714085399,6,0,1
"Glen Rice",0.108,-2.22832887673335,13,0,0
"Jeff Taylor",0.039,-2.37701603508078,5,0,0
"Khris Middleton",0.089,-2.5257031934282,3,0,1
"Markieff Morris",0.059,-1.33620592664881,4,1,0
"Greivis Vasquez",0.03,-2.30267245590706,6,0,1
"Nick Young",0.017,-2.15398529755964,4,0,1
"Bobby Jones",0.045,-2.45135961425449,5,0,0
"Josh Boone",0.122,-2.37701603508078,4,1,0
"Paul Millsap",0.153,-1.29903413706195,3,1,0
"Will Blalock",-0.032,-2.33984424549392,5,0,1
"Channing Frye",0.108,-2.07964171838593,4,1,0
"Dorell Wright",0.064,-0.332567607803694,2,0,0
"Brian Cook",0.122,0.410868183933426,5,1,0
"Dahntay Jones",-0.114,-2.22832887673335,5,0,1
"Jason Kapono",0.056,0.782586079801986,4,0,0
"Keith Bogans",0.034,1.07996039649683,5,0,0
"Kirk Hinrich",0.072,-1.15034697871453,5,0,1
"Luke Walton",0.103,-1.48489308499623,5,1,0
"Matt Bonner",0.13,-0.258224028629982,6,1,0
"Nick Collison",0.135,0.336524604759714,6,1,0
"Reece Gaines",-0.065,-0.295395818216838,5,0,1
"Steve Blake",0.026,-0.890144451606535,5,0,1
"Carlos Boozer",0.139,0.856929658975699,3,1,0
"Casey Jacobsen",0.051,0.485211763107139,3,0,0
"Chris Jefferies",-0.039,-2.07964171838593,4,0,0
"Curtis Borchardt",0.026,-1.18751876830138,5,1,0
"Dan Gadzuric",0.075,1.00561681732312,6,1,0
"Darius Songaila",0.129,-1.0016598203671,7,1,0
"Drew Gooden",0.043,0.37369639434657,3,0,0
"Frank Williams",-0.035,0.37369639434657,4,0,1
"Fred Jones",0.019,-0.852972662019679,5,0,1
"Jay Williams",0.02,1.04278860690998,3,0,1
"John Salmons",0.058,-1.89378277045165,5,0,1
"Kareem Rush",-0.033,-0.109536870282558,4,0,1
"Lonny Baxter",0.063,-1.81943919127794,6,1,0
"Matt Barnes",0.045,-0.852972662019679,5,0,0
"Mike Dunleavy",0.055,0.18783744641229,4,0,0
"Rasual Butler",0.002,-0.221052239043126,5,0,1
"Roger Mason",0.038,-0.221052239043126,4,0,0
"Tayshaun Prince",0.084,0.708242500628275,4,0,0
"Vincent Yarbrough",0.035,0.745414290215131,3,0,1
"Bobby Simmons",0.092,0.18783744641229,3,0,0
"Gilbert Arenas",0.114,-2.5257031934282,2,0,1
"Jamison Brewer",0.014,-1.03883160995396,5,0,1
"Jason Richardson",0.052,0.633898921454562,3,0,1
"Joe Johnson",0.075,0.225009235999146,2,0,1
"Kenny Satterfield",-0.014,0.671070711041419,2,0,1
"Richard Jefferson",0.117,-0.0723650806957022,3,0,0
"Rodney White",-0.056,-1.70792382251737,3,0,0
"Samuel Dalembert",0.072,0.0763220776517221,2,1,0
"Steven Hunter",0.094,-0.18388044945627,2,1,0
"Troy Murphy",0.046,-0.555598345324831,3,1,0
"DerMarr Johnson",0,0.522383552693995,2,0,0
"Donnell Harvey",0.105,1.11713218608369,3,1,0
"Erick Barkley",0.044,0.0763220776517221,5,0,1
"Jamal Crawford",-0.043,-0.555598345324831,2,0,1
"Jerome Moiso",-0.096,-1.63358024334366,4,1,0
"Joel Przybilla",0.018,0.856929658975699,3,1,0
"Keyon Dooling",0.056,0.448039973520282,2,0,1
"Mike Miller",0.106,0.671070711041419,2,0,0
"Quentin Richardson",0.106,0.819757869388842,2,0,1
"Stromile Swift",0.069,0.968445027736267,3,1,0
"Corey Maggette",0.091,0.55955534228085,2,0,0
"Jonathan Bender",-0.074,0.856929658975699,1,0,0
"Al Harrington",-0.049,1.11713218608369,0,1,0
"Rashard Lewis",-0.136,1.07996039649683,1,0,0
"Adam Harrington",0.017,0.225009235999146,4,0,1
"Brandon Sampson",0.01,-0.964488030780247,3,0,1
"Damien Wilkins",0.092,0.745414290215131,7,0,0
"Gerald Brown",-0.06,-2.1911570871465,5,0,1
"Jamario Moon",0.126,-1.78226740169108,9,0,0
"Jeremy Pargo",-0.085,-1.96812634962536,7,0,1
"Luguentz Dort",0.04,-1.67075203293051,2,0,1
"Marquis Daniels",0.146,-1.96812634962536,5,0,1
"Matt Carroll",0.078,-0.332567607803694,6,0,1
"Ronald Dupree",0.028,-1.41054950582252,5,0,0
"Udonis Haslem",0.128,-1.52206487458309,5,1,0
